UPV (m/s),ER (ohm-cm),FS (MPa),TS (MPa),CS (MPa)
3148.697,6.3992,5.4112,2.2414,35.0232
3477.9091,4.4562,1.3931,2.2741,28.9317
3055.5881,5.3451,1.1913,2.1229,28.0139
3447.5851,5.17,1.18,2.0716,26.5427
4184.8502,12.5913,5.6592,4.5179,47.8005
3515.3603,6.1021,0.997,1.5407,23.0915
3298.9111,6.1855,3.1381,1.2426,21.2245
4242.7755,12.125,5.6669,4.5277,47.9583
3146.5672,6.6765,5.3741,2.2414,34.9234
3363.6208,4.1228,1.4001,2.2519,27.5461
3536.8435,4.4303,1.3841,2.2797,27.4287
4237.7703,9.0191,5.3022,2.4552,43.756
4371.7364,10.8406,7.9948,3.7511,52.6028
3182.2575,6.5685,5.4221,2.2276,35.3187
4318.9507,13.6511,7.8425,5.0987,55.497
3486.0564,5.9015,0.9749,1.5894,22.2459
4237.3498,10.3695,5.9226,3.4816,49.9848
4346.8081,13.1959,7.8112,5.1308,49.9755
3302.4822,6.801,3.1381,1.3011,20.6103
3772.6406,4.7124,3.9433,2.1027,26.1963
3740.1392,5.1051,4.0195,2.0482,25.9412
3042.3448,3.5497,0.3537,1.4879,16.7203
3569.5193,4.0153,1.4377,2.2604,27.4609
4242.8522,8.5835,5.3149,2.4557,43.637
3000.9581,3.5433,0.3538,1.4645,16.9176
3536.0769,16.1007,5.6259,2.3454,35.9908
4294.3482,10.9956,5.5919,3.5069,43.6023
3344.8701,5.4393,1.1638,2.1503,27.9686
2999.5325,3.5667,0.3653,1.5021,16.2063
4245.7239,9.2999,5.9284,3.4839,48.1344
3244.3271,6.3879,0.9762,1.5859,21.2628
2968.8019,3.5936,0.3608,1.4705,16.0811
3403.2429,6.4023,3.1381,1.3022,19.5509
3737.9768,5.1051,3.9319,2.1558,25.945
3531.9094,16.0746,5.6677,2.3511,36.3094
3043.0199,3.5449,0.3537,1.4879,16.7416
3458.9025,4.1431,1.3947,2.2427,29.6147
4392.6525,12.8256,7.8058,5.1575,50.7493
2950.5392,3.7029,0.353,1.4591,17.1182
3207.8791,5.4978,1.1856,2.1157,25.154
3160.2065,6.2144,5.3955,2.2362,35.6278
3518.1134,6.0827,0.9953,1.539,22.1737
4355.4221,11.7004,8.0869,3.7507,50.3096
3198.501,5.4978,1.1774,2.0972,26.9243
4249.1207,9.6752,5.9168,3.4836,51.1703
4305.7677,10.9956,5.5582,3.4968,44.9058
2973.1057,3.6623,0.3602,1.4877,16.4258
3348.5929,4.6447,3.0357,1.5559,16.873
3421.5628,4.5498,3.0118,1.389,17.0178
3188.9708,5.8905,0.9825,1.5436,22.8758
4351.2503,11.594,8.0653,3.7521,51.477
3476.1678,5.951,0.9749,1.5894,22.6325
3651.1864,4.4602,1.3461,2.2533,27.4604
4233.5982,9.2887,5.2631,2.4511,45.155
3630.4937,3.957,1.4258,2.2602,27.4532
4242.6266,8.5895,5.3221,2.4558,44.2923
3345.3232,6.2832,0.9747,1.5894,23.9106
3041.2472,3.6223,0.3539,1.4879,16.8336
3421.4733,6.2282,1.1483,2.1482,24.894
2957.5083,3.59,0.3391,1.4628,17.6231
2998.0539,3.621,0.3626,1.5065,16.1696
3492.4924,5.3014,1.1568,2.0928,26.6577
3041.207,3.6661,0.3539,1.4879,16.7882
3723.8284,5.1051,3.939,2.0241,25.4326
4239.4914,9.2392,5.962,3.489,49.6733
3722.5383,5.1051,3.9169,2.0108,25.3517
4228.8257,8.7092,5.3241,2.4533,43.2278
3331.4056,5.2352,1.1719,2.1175,26.591
3041.3403,3.5676,0.3537,1.4879,16.6232
3658.2214,6.1355,3.7336,1.9611,23.6608
3378.9625,4.4256,3.037,1.5176,17.4861
3526.3305,16.1141,5.6224,2.3511,36.1452
3231.1332,5.5034,1.1717,2.1175,25.1727
3344.7604,6.2832,0.9744,1.5894,22.9888
3531.4918,16.1007,5.5458,2.3525,35.8954
4215.0071,12.9569,5.6629,4.5384,48.6639
3673.0128,4.3197,1.345,2.2146,30.6383
3279.461,6.2761,3.1381,1.2739,21.3143
3658.9837,6.2832,3.7421,1.9828,23.3834
3259.1627,3.9535,1.397,2.2261,27.5728
4214.4634,12.8211,5.6536,4.5387,48.6693
3133.8884,6.5756,0.9624,1.6373,22.0276
3383.8891,4.4151,3.0285,1.4704,17.4333
4241.1756,9.5264,5.876,3.4691,48.4649
3481.9081,5.5968,0.9751,1.5549,21.9015
3321.5181,5.4978,1.1845,2.0982,26.1027
4290.8804,10.9956,5.6129,3.5069,43.7767
3529.4545,16.1007,5.5847,2.3525,35.8964
3478.4618,5.8159,1.0035,1.5512,21.8981
3238.7034,5.4978,1.1742,2.0773,26.2111
3277.7637,6.0964,1.1757,2.1285,24.9275
3721.0459,4.603,1.3861,2.2527,27.4608
3415.2484,4.3131,3.0149,1.3291,16.6668
3200.8462,5.8905,0.9464,1.5945,24.4553
4191.209,12.9591,5.6559,4.5363,48.5543
3570.6415,4.3197,1.3576,2.2877,30.5731
3667.34,4.3197,1.4146,2.2908,29.5887
3658.2501,5.8905,3.7307,1.9557,23.8132
3318.4189,4.0659,3.0315,1.5324,16.7715
4281.7633,10.9956,5.5232,3.502,44.291
3520.9971,6.1721,0.9786,1.5406,22.717
3143.3551,6.2243,5.4115,2.2395,35.6665
3480.2003,5.3014,1.142,2.0754,27.1235
3174.1885,6.3651,5.342,2.2444,35.2727
3657.6591,5.8905,3.7372,1.8731,23.9088
3192.2811,5.9313,1.1926,2.1409,24.9247
4306.7717,10.9956,5.6477,3.5283,44.6732
3656.9292,6.2832,3.7423,1.9233,23.4443
3036.6262,3.7575,0.3543,1.4886,16.4773
3657.3876,6.2832,3.7529,1.8863,23.5168
3363.5333,4.6574,3.0256,1.4447,17.2247
3390.9764,6.2832,0.9744,1.5894,22.8643
4369.5998,10.9221,7.965,3.7511,51.9854
3422.45,4.5541,3.0277,1.461,17.0523
4186.3319,12.9591,5.6487,4.534,48.467
3140.2009,5.8905,0.9775,1.5351,21.6866
3657.0998,6.2767,3.7379,1.9526,23.719
3042.8678,3.5634,0.3539,1.4879,16.739
3540.8435,16.0817,5.6702,2.3528,36.1502
4322.7982,12.7222,7.8458,5.1253,49.9799
4368.5417,11.5623,8.0334,3.7516,51.1703
4369.3689,11.6125,7.8666,3.7518,51.0078
3699.4395,5.1051,3.9056,2.0474,25.2781
3402.9273,4.8173,1.394,2.2741,27.4988
3731.0322,5.6515,3.979,2.1517,26.0656
3699.9494,4.8282,3.9628,2.1417,25.409
3593.6269,4.3197,1.3936,2.2455,29.1946
2949.6991,3.7933,0.3583,1.4594,16.4737
4237.5777,8.6514,5.3203,2.455,41.7224
3519.6358,6.421,0.9868,1.536,22.3073
3522.138,6.1737,0.9793,1.5341,23.0981
3545.3458,4.3197,1.3437,2.3341,30.6019
4286.3886,10.9956,5.6026,3.5253,45.5092
3730.6456,6.0468,3.9976,2.1377,26.1702
3019.484,3.7925,0.3549,1.496,16.4501
3498.559,5.7309,0.9749,1.5894,24.9783
3314.4279,6.9043,3.1381,1.3144,20.3565
3210.861,6.017,3.1381,1.2388,21.2496
3541.1386,16.0906,5.6395,2.3568,36.0938
4301.8461,10.9956,5.5619,3.514,45.374
4398.6346,11.5121,7.6139,3.7506,50.7519
3452.0069,4.4102,1.3928,2.2741,29.1086
3310.6683,6.7261,3.1381,1.3123,21.3349
3288.4279,6.5756,3.1381,1.2806,19.9564
3042.0352,3.6605,0.3538,1.4879,16.7419
4307.1818,10.9956,5.6212,3.5192,43.4273
3641.1314,4.3197,1.3713,2.2661,30.673
3248.9439,5.5346,1.1719,2.1175,25.6677
3537.583,16.0757,5.7489,2.3528,35.977
3634.0604,4.2726,1.4009,2.228,27.4621
3219.2278,5.8905,0.9552,1.6159,24.5979
4332.8362,13.8869,7.779,5.267,55.0979
3658.619,6.1345,3.7412,1.9693,23.5899
3412.0863,5.832,1.1831,2.0622,24.773
2992.1687,3.7533,0.3456,1.4641,16.625
4265.0474,10.2582,5.8741,3.593,47.964
3185.6026,7.0707,5.2448,2.2573,34.7755
3042.6378,3.5705,0.3539,1.4879,16.7855
3409.392,5.8559,1.1761,2.0898,24.7251
3205.0547,6.3296,3.1381,1.2339,20.95
3454.1913,5.3014,1.1698,2.0627,27.2789
4286.793,10.9956,5.6188,3.5173,45.0184
3548.8919,4.3197,1.4174,2.2159,29.2411
4195.3681,12.9591,5.6657,4.5284,49.2399
3204.8037,5.9966,3.1381,1.2274,20.9968
3175.2472,6.5117,5.4122,2.2272,35.1926
3008.4401,5.4479,1.1385,2.17,28.0134
4360.7469,14.371,7.7978,5.1036,51.7997
3042.02,3.5742,0.3537,1.4879,16.5201
3458.5764,5.8905,1.1533,2.1394,24.9624
3654.1951,4.571,1.3743,2.2948,27.4599
4242.2076,8.5902,5.2966,2.4558,44.1096
4372.8296,13.9998,7.844,5.1036,49.8642
3656.6838,6.1093,3.7309,1.9854,24.0331
4326.3372,13.5511,7.766,5.1861,55.5848
3424.2642,4.893,1.3941,2.2741,28.5274
3372.0291,4.6986,3.029,1.455,17.2843
3422.686,3.931,3.0163,1.3712,16.96
3347.5953,6.2599,3.1381,1.2801,19.9305
3643.3786,4.3197,1.4298,2.2429,29.4445
3043.1102,3.7549,0.3538,1.4879,16.7368
4238.3511,9.6522,5.9056,3.5501,46.1208
3538.8733,16.0678,5.7641,2.3542,35.9076
3657.7575,6.1698,3.7382,1.9721,23.9426
3477.8701,4.3197,1.3994,2.2965,30.3013
3533.9794,16.1007,5.7323,2.355,35.9999
4246.1298,9.4661,5.9259,3.5955,48.5444
3383.0004,3.9846,1.3996,2.2644,28.8609
3519.1496,6.454,0.9839,1.5449,22.5528
3358.2388,4.5237,3.0316,1.4777,17.6758
4294.7591,10.9956,5.5848,3.5069,42.7996
2954.1635,3.6769,0.3421,1.4576,17.3036
3000.26,3.6867,0.3645,1.4936,16.1293
4184.7299,12.7224,5.6515,4.5234,47.4973
3035.7858,3.6578,0.3551,1.4996,16.2262
3541.4525,16.0825,5.6296,2.3522,36.1337
3391.9922,4.6818,3.0092,1.4951,17.1629
3318.853,5.9485,3.1381,1.2317,21.1427
4306.669,10.9956,5.6387,3.4966,44.0755
3656.0868,5.8905,3.7371,1.8686,24.0726
3042.6319,3.5422,0.3537,1.4879,16.8149
3375.3052,4.3586,3.0396,1.3777,17.266
3520.3217,6.2806,0.9812,1.5423,22.013
4292.4609,10.9956,5.5859,3.5069,43.1853
4294.0744,10.9956,5.5403,3.495,45.5569
3448.8325,6.2832,0.9745,1.5894,24.0522
3729.1348,4.6867,1.3427,2.2331,27.4596
4218.9955,12.7436,5.6602,4.5321,48.4262
4305.8107,10.9956,5.5786,3.4956,42.5401
3733.0792,5.1051,4.0208,2.0038,26.0115
4350.5625,11.5404,7.7778,3.7511,50.7919
4317.0862,13.7678,7.8127,5.0086,54.7672
3370.8761,4.6257,3.0314,1.4466,17.3322
3321.303,5.3284,1.1685,2.1156,27.8024
3368.6031,6.1109,1.1575,2.1024,24.9033
3501.5825,6.0923,0.9749,1.5894,23.0097
3776.4517,4.7124,3.9591,2.1104,26.1245
4231.3539,9.0071,5.3195,2.4477,42.3565
3530.9018,16.1564,5.5914,2.3511,36.3995
3532.1817,16.1007,5.7734,2.3525,35.9903
3341.6159,6.5341,3.1381,1.2625,20.2694
4309.9584,10.9956,5.5783,3.532,43.0152
3540.8726,16.065,5.7343,2.356,35.9571
3477.5107,5.5185,0.9749,1.5894,23.8604
4245.965,9.7594,5.9093,3.5514,44.8284
3505.5939,6.4656,1.0026,1.5681,21.8867
4245.3058,10.5108,5.9226,3.4816,50.317
3153.0168,6.2889,5.3178,2.2414,35.1315
4285.6619,9.3124,5.3236,2.4631,45.1719
3041.1356,3.5735,0.3537,1.4879,16.5702
2949.6518,3.7192,0.343,1.4587,17.3889
3041.537,3.5492,0.3537,1.4879,16.56
3666.6466,4.3197,1.3705,2.3332,29.8501
3175.4305,6.1336,0.9671,1.6267,23.0304
4240.5493,8.7874,5.3022,2.4515,41.5456
3529.2456,16.1007,5.7149,2.3525,35.965
3559.0019,4.3197,1.4113,2.2439,29.4482
3435.4491,6.4738,0.9489,1.5932,21.5031
4374.743,10.9047,7.9238,3.7511,51.7917
3032.245,3.7952,0.355,1.4958,16.3994
3669.4018,4.4881,1.3982,2.3249,27.3472
3403.9408,6.9881,3.1381,1.223,19.8431
4249.1979,10.5872,5.9226,3.4816,49.8292
3173.8135,6.2252,5.3925,2.2358,35.5422
3145.8089,7.0617,5.3797,2.2414,35.1498
3525.7749,4.6588,1.384,2.2915,27.4355
3016.0836,3.6179,0.3587,1.5121,16.3799
4304.517,9.2419,5.2576,2.4493,44.4631
3219.448,5.3737,1.1719,2.1175,24.8587
3096.9454,6.3983,0.9857,1.5735,21.3295
3355.4572,4.5064,3.0293,1.3566,17.4402
4293.5966,10.9956,5.5506,3.5069,43.8882
3380.2789,5.8247,1.1889,2.0919,24.9107
3447.2118,6.1614,0.9749,1.5894,24.1978
4379.4992,11.5025,7.9317,3.7516,50.6326
3518.9649,5.8984,0.9972,1.536,23.0571
3741.5257,5.2848,4.0323,2.1083,26.1137
3697.5449,4.8661,3.9972,2.0867,25.9776
3316.2081,6.8051,3.1381,1.2627,20.5645
4304.4637,10.9956,5.566,3.4967,44.618
3392.7999,4.8002,1.3941,2.2741,28.9767
3203.7825,5.8905,0.9482,1.5431,24.6695
3306.1918,5.4528,1.1582,2.1196,27.943
3738.7008,4.6574,1.4152,2.3211,27.4667
3348.4177,5.4513,1.1719,2.1175,25.0514
3538.2535,4.242,1.3998,2.258,28.8836
3732.2013,4.7124,4.0247,2.0534,26.2163
4294.2397,10.9956,5.6218,3.5324,45.5523
2949.8057,3.5816,0.3367,1.4649,16.7376
3658.4432,6.1722,3.7268,1.984,23.8486
4240.8731,10.0681,5.8648,3.5179,49.1809
3471.3399,5.3014,1.1429,2.1425,26.9038
3463.5852,6.2808,0.9749,1.5894,24.0976
2947.8722,3.6082,0.346,1.458,16.3132
3282.7574,6.4995,1.0009,1.5499,21.3036
3451.4022,4.5137,1.3451,2.2606,27.374
4300.1797,10.9956,5.5778,3.5068,43.5698
2958.3775,3.6678,0.3618,1.5113,16.3952
3409.4983,4.6309,1.354,2.33,27.3762
3398.9283,6.3775,0.9432,1.6094,22.2109
3659.8075,6.2832,3.7416,1.9834,23.5665
3030.4086,3.7802,0.3566,1.5007,16.7174
4242.9652,9.0094,5.3011,2.4508,42.6227
4234.2921,8.9202,5.2998,2.4497,41.8136
3738.3856,5.7342,3.9665,2.0974,26.285
3009.0556,5.3028,1.192,2.0914,27.925
3334.3733,6.6776,3.1381,1.2781,20.371
3542.2519,16.0898,5.6823,2.3574,36.082
4349.7194,11.0659,7.9393,3.7514,51.1245
4287.6943,10.9956,5.5828,3.5147,45.4687
3578.5217,4.2455,1.4309,2.2431,27.4581
4235.1471,9.1723,5.3087,2.4529,42.6893
4212.4217,12.3058,5.6591,4.5364,48.3403
3615.2264,4.3197,1.4445,2.2205,29.293
3076.9427,5.4978,1.1723,2.1145,25.2514
4305.2897,10.9956,5.5849,3.5051,45.3944
3207.7252,5.9643,1.1424,2.0638,24.8928
4292.6101,10.9956,5.5778,3.5069,42.6134
3513.9687,5.601,0.9754,1.5594,21.9076
3048.1718,5.4571,1.18,2.1517,27.9832
3658.7684,6.1929,3.7413,1.956,23.6581
3463.7349,5.9952,0.9831,1.5705,21.8731
3517.4453,6.1331,0.9982,1.539,22.8337
4184.9252,12.8443,5.679,4.5195,45.3955
3699.3591,5.0059,3.9924,2.1242,26.4415
4267.9733,9.1986,5.8823,3.5393,49.3748
3182.5772,5.4978,1.1953,2.0738,25.2797
3676.6215,4.6846,1.3867,2.2759,27.4584
3577.6561,4.018,1.3992,2.2666,27.4214
4216.6093,12.9341,5.6656,4.541,48.3221
3430.411,5.9503,1.1435,2.1679,24.8696
4361.0269,10.8555,8.0831,3.7511,52.7002
4351.9107,11.0226,7.8213,3.752,51.5739
3736.0836,5.2438,4.0247,2.1229,25.9689
4367.4676,10.926,8.0827,3.7511,52.7964
3388.4674,6.9121,3.1381,1.2969,19.9624
3432.3201,6.1188,0.9756,1.5829,21.2695
4376.1467,11.679,7.8794,3.7512,49.8081
3175.4987,6.2495,5.3817,2.2391,35.5246
3179.8299,6.2001,5.3703,2.2312,35.6097
3656.552,5.8905,3.7558,1.9288,23.8846
3001.2873,3.5572,0.3496,1.4577,16.8623
3475.6647,5.8905,1.14,2.105,24.9624
3671.0612,4.6678,1.4347,2.3228,27.4608
2975.4119,3.5991,0.3608,1.475,16.5682
3206.3951,5.8905,0.9798,1.5339,23.2125
4242.5547,8.6329,5.3237,2.4557,43.254
3041.5817,3.7038,0.3538,1.4879,16.7967
3200.6997,5.6216,1.1719,2.1175,25.7922
3366.5559,4.6555,3.036,1.4528,17.7544
3660.1455,6.2832,3.7446,1.9221,22.7513
3142.7135,6.2822,5.3651,2.237,35.4921
2970.5812,3.5606,0.3559,1.4615,16.5463
4302.0826,9.0445,5.2945,2.4554,43.6471
3393.3917,6.2602,0.9499,1.5639,22.9864
3168.6012,7.1088,5.2736,2.2561,35.2193
4346.126,11.1823,7.8526,3.7514,51.3351
3299.435,6.5726,3.1381,1.225,21.0621
4290.5935,10.9956,5.6096,3.5069,42.7667
3482.164,4.3197,1.3877,2.3268,30.5691
3534.8858,16.1007,5.6412,2.3505,35.893
4306.729,10.9956,5.6329,3.4958,42.4984
3529.6511,16.1007,5.696,2.3545,35.8986
4215.2735,9.5079,5.8572,3.5954,50.9276
3289.0825,5.2038,1.172,2.1175,26.4174
3510.3544,6.2598,0.9729,1.5862,23.0863
3661.6825,6.2832,3.7511,1.8838,23.2313
3165.4474,6.7619,5.3272,2.251,35.1424
3255.5187,5.9446,1.1756,2.1456,24.8896
4349.5666,11.1155,7.9307,3.7512,50.6651
3479.0881,4.3197,1.3595,2.245,30.4831
2949.9606,3.7237,0.3435,1.4613,16.4844
2949.0707,3.608,0.3506,1.4628,17.5775
3453.0754,6.0507,0.9872,1.5508,21.8655
4366.5768,10.9268,7.808,3.7511,52.2857
4291.083,8.6868,5.2861,2.4554,45.133
3536.5438,4.3197,1.4317,2.2512,29.2324
3399.3783,5.9059,1.1909,2.072,24.9197
4215.0773,12.7184,5.6639,4.5338,48.5182
3201.6312,5.8905,0.9988,1.5357,24.0265
3660.874,5.8905,3.753,1.8681,23.7177
2995.7856,3.5962,0.3615,1.5019,16.6662
4230.2741,9.0778,5.2886,2.4555,44.4128
3219.7654,5.4803,1.1719,2.1175,26.6309
4292.5666,10.9956,5.6002,3.4961,44.7105
4362.3114,10.9008,7.9237,3.7511,51.1099
3593.7375,4.3197,1.3907,2.3082,30.7089
4302.2934,10.9956,5.6054,3.5219,44.0168
3409.7203,4.7436,1.3939,2.2741,27.5789
3462.6634,4.692,1.3932,2.2741,27.4313
4390.8027,11.685,7.5208,3.752,50.3841
3151.7267,6.8772,5.3266,2.2414,35.1696
3278.9128,4.3197,1.361,2.2954,30.6987
2949.5432,3.6969,0.3415,1.4547,17.5995
3173.1893,6.4738,0.9636,1.614,22.1144
3367.7239,4.4257,3.0377,1.4844,17.6621
2978.9423,3.611,0.3641,1.5017,17.3741
3464.6728,5.9032,0.9749,1.5894,24.6367
3660.7393,4.6189,1.4148,2.2804,27.4668
2998.4956,3.5658,0.3635,1.4943,16.1577
4251.644,9.5695,5.9199,3.544,49.6111
2998.1674,3.5771,0.3616,1.4722,16.1102
3351.1902,6.2832,0.974,1.5894,23.6829
3000.9866,3.5858,0.3656,1.4924,16.0989
3457.1515,5.9799,0.9873,1.5862,21.2467
3172.4394,5.8905,0.9985,1.5361,23.047
3028.4732,3.7455,0.3557,1.5016,16.0869
3734.847,5.6926,4.0043,2.0993,26.2478
4255.9439,9.418,5.984,3.527,49.0003
3419.9189,4.3246,3.0316,1.5003,17.631
3001.9542,3.609,0.3428,1.4663,17.0977
3369.0302,4.4084,3.0305,1.5395,17.2533
4368.717,13.3464,7.7952,5.1036,52.897
3001.0755,3.7381,0.3443,1.4585,16.6898
4246.743,12.1607,5.6531,4.5277,46.8795
2999.274,3.6549,0.3617,1.4962,16.222
4371.3913,14.0406,7.7808,5.2687,50.929
3201.3213,5.4213,1.1717,2.1175,26.7924
3443.3042,6.1075,1.0025,1.589,21.3287
3671.0417,4.3197,1.3425,2.3219,30.6264
4280.3492,9.1972,5.9677,3.5171,47.8887
4216.3618,10.0321,5.8595,3.5478,49.493
3699.4974,4.8721,3.9626,2.105,25.0121
3243.6823,5.5609,1.1716,2.1175,25.4375
4222.0375,9.5068,5.9019,3.496,46.1818
4232.7107,10.2167,5.8948,3.5734,44.8446
3541.1675,4.0761,1.3955,2.2627,29.6025
3489.2341,5.3014,1.1421,2.054,27.0624
4226.2703,9.2717,5.9379,3.5851,43.4977
3396.3046,4.3577,3.0264,1.4998,17.5174
4349.7304,13.2441,7.7902,5.1462,49.7367
3699.4537,5.0564,4.0152,2.0961,25.3539
3161.3607,6.353,5.3632,2.2365,35.2939
3001.0976,3.7254,0.3421,1.4651,16.6788
3739.0301,5.5783,4.0178,2.1428,26.012
2992.2561,3.6782,0.3516,1.4619,16.8676
3504.756,4.3197,1.4297,2.2693,29.3008
3157.1425,6.2574,5.3236,2.2243,35.3876
4310.1593,13.3462,7.7823,5.114,50.1101
3248.7658,5.8905,0.9643,1.622,24.5802
3518.8295,5.9977,0.9764,1.5385,22.7973
3474.9928,4.6098,1.3931,2.2741,28.434
3656.9119,6.2641,3.7336,1.9749,23.7117
3353.3069,6.2832,0.9746,1.5894,25.0128
4377.3976,11.4797,8.0309,3.7509,50.129
3309.1919,5.6844,1.1719,2.1175,25.3496
3539.2088,16.091,5.6166,2.354,36.1299
3531.9886,16.1007,5.7559,2.3473,35.9345
3712.1787,4.7124,3.993,2.0268,26.4753
3342.6307,6.0607,3.1381,1.317,19.8686
3248.9193,5.8905,0.9713,1.5329,24.9428
3140.8234,6.5496,5.332,2.2414,34.8401
3533.5629,16.1007,5.3959,2.3546,35.8819
2997.2512,3.5805,0.362,1.4739,16.1252
4267.2764,9.5728,5.9595,3.4951,46.7034
3732.768,5.1051,3.8784,2.1436,26.2156
3000.5583,3.5752,0.3552,1.5129,16.2009
3397.1954,4.2745,3.0342,1.4458,16.9734
3013.2871,3.7719,0.3613,1.488,16.4721
3161.1376,5.8905,1.0035,1.5381,23.8042
3703.7127,5.1051,3.8793,2.0387,25.2819
3001.9228,3.6586,0.3578,1.5086,16.1445
4242.6588,8.5878,5.3309,2.4554,42.4313
3491.2494,4.3802,1.3794,2.2722,27.3547
3001.6872,3.6997,0.3535,1.4874,16.6026
3532.2659,16.1007,5.6041,2.3582,36.1974
3368.0187,5.3171,1.1719,2.1175,25.531
4239.2525,10.571,5.9226,3.4816,49.4644
3501.4896,5.5081,0.9749,1.5894,23.3403
4320.4197,13.6074,7.8027,5.1036,52.8767
3212.9842,5.8905,0.968,1.5527,24.5578
3030.7773,3.7012,0.3576,1.5101,16.5405
3276.216,6.9483,3.1381,1.3027,21.331
3412.3644,4.3882,3.0141,1.5204,17.2923
3022.9245,3.6474,0.3626,1.4924,16.6561
2951.4962,3.719,0.3433,1.4638,17.5367
4294.5302,10.9956,5.64,3.5069,42.9894
2968.3316,3.5975,0.3642,1.4777,16.115
4238.3116,10.3164,5.9226,3.4816,50.5036
3581.8153,4.6432,1.399,2.3336,27.44
3656.6101,6.2832,3.7501,1.8762,23.9071
3662.1542,6.2832,3.7318,1.9688,23.5102
3440.4924,5.1126,1.1859,2.0597,26.6866
3043.0084,3.5581,0.3537,1.4879,16.5822
3491.6967,6.3285,0.9457,1.5982,21.4502
3506.1198,6.2285,0.99,1.5859,21.8672
3660.8352,6.2832,3.7368,1.8834,23.563
3332.0616,5.4112,1.1827,2.1449,27.9574
3657.8704,6.2521,3.7302,1.9482,23.6238
3201.5264,7.0589,3.1381,1.2742,19.9109
3508.2284,5.6794,0.9749,1.5894,24.0414
4242.5914,8.612,5.3047,2.4555,45.702
3210.8134,6.9243,3.1381,1.2708,20.0397
2993.1492,3.6132,0.3425,1.4584,17.0606
3447.8641,6.0082,0.9942,1.585,21.8754
4212.493,12.4695,5.6641,4.5288,48.5191
3367.2434,4.422,3.0244,1.3326,17.4859
3733.0083,5.9774,3.9927,2.0767,25.9932
3534.7699,16.1614,5.7601,2.3511,36.4279
3219.2234,5.4978,1.1931,2.0794,27.1871
2980.9543,3.5787,0.3645,1.4883,16.0723
3081.0069,5.4978,1.1839,2.1015,26.6141
3001.756,3.6057,0.3377,1.4766,16.5505
4242.3337,8.6256,5.321,2.456,41.4298
3311.3465,6.96,3.1381,1.3035,20.1978
3165.2109,6.2717,5.3704,2.2296,35.5898
3394.1008,6.6448,1.0057,1.5588,21.2995
4248.9131,9.1004,5.3288,2.4554,44.2824
3301.7694,6.5962,3.1381,1.2961,20.6387
3490.8692,6.4279,1,1.5512,21.8837
4199.6703,12.9591,5.6615,4.5383,48.4768
4373.2447,14.0709,7.8538,5.2524,52.3323
4288.2731,9.3426,5.2493,2.4579,44.4077
3407.5073,6.8757,3.1381,1.2913,19.2816
3422.6441,4.2336,3.0168,1.3353,16.9798
3346.5134,4.4515,3.0188,1.5205,17.7964
3656.0688,6.2832,3.755,1.992,23.4081
3473.2027,5.8905,1.1507,2.1059,24.9624
3519.0825,6.0932,0.9776,1.5839,21.2294
3057.9589,6.1497,0.9691,1.5467,22.9519
3699.6023,5.0162,3.9763,2.0759,25.2554
2954.3048,3.5356,0.3603,1.502,16.1103
4347.047,11.1632,8.0634,3.7517,50.1238
3621.5674,4.3197,1.4167,2.2437,29.193
3408.8845,6.5318,0.9466,1.6077,21.8103
3541.2198,16.1445,5.7186,2.3511,36.5297
2966.1014,3.5397,0.3496,1.4631,16.9171
2958.8619,3.6116,0.3619,1.509,16.97
4228.6987,9.3666,5.3265,2.4465,44.8424
4318.3627,13.4587,7.7835,5.2687,51.5252
3401.4004,5.3546,1.1449,2.1323,27.5099
3364.5845,4.8395,1.3935,2.2741,27.5374
3733.4009,5.1502,3.9824,2.1105,26.2669
4206.2332,12.8671,5.6487,4.5279,48.4295
2949.9016,3.6089,0.3524,1.4634,17.325
3532.8021,16.1007,5.7748,2.3452,35.9064
2995.9912,3.6535,0.3421,1.4635,16.4378
3155.6428,7.1187,5.2888,2.2514,34.9192
3511.4367,4.3197,1.4155,2.2555,29.3542
3537.7996,16.1093,5.7926,2.3511,36.3864
3699.2264,5.0385,3.9672,2.1577,25.9585
3418.9743,4.0967,3.0138,1.3981,16.5738
3717.1107,5.1051,3.8675,2.0429,25.4944
3187.8703,7.1342,5.288,2.2626,35.1215
4184.9275,12.7198,5.6522,4.5176,47.3144
4249.7301,9.5163,5.9487,3.4607,47.8246
3403.6611,5.6426,1.1879,2.0726,24.7781
4298.6677,9.2998,5.2615,2.4635,45.1628
4250.3629,9.7822,5.9821,3.5912,49.673
2960.3959,3.5834,0.3659,1.4756,16.1257
3492.354,4.5614,1.3927,2.2741,28.5575
3169.0505,6.8435,5.3511,2.2263,35.4192
3410.1212,6.8882,3.1381,1.2318,19.8145
3001.9229,3.7297,0.3491,1.4664,16.8498
3229.4606,6.1562,3.1381,1.2837,19.918
4377.2627,11.6573,7.6883,3.7505,49.8692
3100.3051,6.3978,1.0004,1.5515,21.2597
3042.2199,3.769,0.3538,1.4879,16.7436
3243.7978,6.0776,1.1691,2.1709,24.9085
3533.1521,16.1158,5.7769,2.3511,36.5896
4294.1868,10.9956,5.5913,3.5034,44.8271
4269.8142,9.4433,5.9794,3.4906,45.6731
4352.0751,11.0336,7.9705,3.7516,50.9441
4244.1954,9.996,5.9417,3.5078,48.3153
2948.5416,3.7599,0.3572,1.4656,16.2005
3308.164,5.422,1.1342,2.1558,27.9505
3424.6439,4.8285,1.3941,2.2741,27.5761
3233.1384,6.6377,0.9525,1.6045,22.7423
3295.3306,6.0384,3.1381,1.2338,21.3143
3466.2145,5.8905,1.1322,2.1337,24.9624
3310.4398,7.0623,3.1381,1.2708,20.1895
3662.439,5.8905,3.7551,1.9746,23.8452
4332.3831,12.7097,7.8362,5.1036,52.7543
3739.1827,5.1051,3.8664,2.0345,26.187
3475.5912,5.3014,1.1393,2.1386,26.8902
3731.7078,5.8523,4.0334,2.0781,26.0402
3658.3788,6.1245,3.7342,1.9306,23.5955
3299.1866,5.5852,1.172,2.1175,25.8388
3312.1981,4.6369,3.0174,1.5387,17.2064
4299.4462,10.9956,5.5799,3.5267,42.8092
3241.7415,7.0542,3.1381,1.2305,20.9638
3358.476,4.3378,3.0111,1.4805,17.7886
3209.3594,5.51,1.1718,2.1175,26.5951
3474.5477,4.6343,1.3931,2.2741,28.6399
4253.2154,9.5039,5.9665,3.5972,48.8387
3536.4826,16.1007,5.5344,2.3477,35.8731
3721.6916,4.7124,3.8784,2.0621,26.1377
3263.6054,6.1341,1.1655,2.1708,24.9079
3640.4012,4.3197,1.415,2.2732,29.362
4239.1708,10.1258,5.9179,3.5563,50.8047
3498.8762,6.2832,0.9739,1.5894,24.9153
3661.3167,6.2832,3.7556,1.9077,23.3323
3421.8824,4.3221,3.0176,1.5173,17.5008
3329.1112,4.6713,3.0279,1.4899,17.7863
3742.8912,4.7124,3.8666,2.1338,26.487
3660.735,6.2832,3.7567,1.8867,23.091
4213.3345,9.8307,5.8741,3.594,43.6009
4236.4186,9.1312,5.8601,3.5102,51.1104
4218.5526,9.155,5.9123,3.5195,45.0285
4345.0785,13.0282,7.8163,5.1236,49.9609
4327.0379,13.3733,7.7889,5.1036,51.0227
3282.5845,7.0244,3.1381,1.3084,21.0158
3001.9885,3.624,0.3393,1.4763,16.9613
3372.4822,4.5825,3.0383,1.5023,17.4001
3152.6498,7.1093,5.4087,2.2574,34.8667
3557.7011,4.3197,1.406,2.2153,29.2122
4254.2186,10.4721,5.9226,3.4816,49.406
3001.9364,3.5849,0.3552,1.5009,16.0949
3040.6033,3.6168,0.3566,1.5018,16.0857
3662.3357,5.8905,3.7412,1.8703,23.7207
4284.0179,9.1257,5.3113,2.4554,44.0967
3394.6971,6.2854,3.1381,1.2557,19.2399
3376.5329,5.497,1.1719,2.1175,26.2905
4242.9238,8.576,5.3293,2.4558,45.0215
3387.9679,6.2832,0.9739,1.5894,23.6685
3478.5079,5.8905,1.1801,2.0881,24.9624
3731.9068,4.7124,3.9825,2.1541,26.1546
3287.3407,6.9234,3.1381,1.2913,21.1603
3401.1228,6.253,3.1381,1.241,19.4759
4303.2948,10.9956,5.6379,3.5045,42.5914
3478.7985,5.3014,1.1426,2.0777,27.8344
4252.4041,10.5993,5.9305,3.5828,48.8062
3533.1773,16.1007,5.6728,2.3575,36.0178
3668.1598,4.3197,1.3926,2.2168,29.5971
3042.8453,3.5676,0.3538,1.4879,16.8458
2975.8633,3.5924,0.3661,1.4883,16.3587
3448.8694,4.7996,1.3934,2.2741,28.8188
2988.7904,3.5723,0.3368,1.4592,16.1889
4184.9342,12.7232,5.6578,4.5208,48.722
3254.6397,6.2061,3.1381,1.234,20.3504
3146.3615,7.0431,5.3267,2.2414,34.9918
3735.2812,5.1051,3.9762,2.1056,26.0879
3138.5511,6.8044,5.3929,2.2414,35.2314
4190.0319,12.9591,5.6567,4.53,49.2188
3432.9198,5.1348,1.187,2.058,26.6486
3488.2609,5.8942,0.9749,1.5894,22.6994
2957.9305,3.6744,0.3635,1.5011,16.4186
3136.4132,6.2828,5.3898,2.2217,35.6676
4283.6658,9.1274,5.3255,2.4554,45.0493
3656.9728,6.021,3.7407,1.9857,23.1913
3041.9701,3.5867,0.3537,1.4879,16.4251
3312.7223,6.6155,3.1381,1.3138,20.6854
3396.3563,5.1781,1.1783,2.0963,26.5578
3657.8093,6.247,3.7411,1.9609,23.0943
3732.706,5.1051,4.0214,2.0363,25.7796
3761.4931,4.7124,3.9039,2.1173,25.8958
3591.7315,4.2994,1.4339,2.2042,27.4378
3338.7802,4.3264,3.0343,1.4552,17.4193
3674.2147,4.3197,1.3458,2.2954,30.2068
3163.4296,6.1382,0.9793,1.5582,21.3008
3311.1182,4.6608,3.024,1.3797,17.5526
3165.9093,6.4798,5.4042,2.2336,35.5715
4236.8196,10.5089,5.8745,3.4459,49.0288
4379.6525,10.927,7.8779,3.7511,50.8045
3659.3469,5.8905,3.7358,1.9094,24.0073
3706.7562,5.1051,3.915,2.0369,25.1792
2986.35,3.6046,0.3629,1.5179,16.1232
4242.367,8.5916,5.3024,2.4557,45.5155
3687.015,4.4406,1.3965,2.3028,27.466
3163.9028,6.2625,5.3769,2.2256,35.678
3266.4893,6.095,3.1381,1.2538,21.2346
3657.4546,6.1928,3.7344,1.9349,23.6193
3699.5641,4.8157,4.0029,2.1232,26.2343
4334.3152,13.8519,7.7921,5.17,53.033
3535.2197,16.1007,5.5339,2.3559,35.9024
4185.731,12.9591,5.6647,4.5302,48.1635
3306.8395,6.0346,3.1381,1.2763,21.279
4380.8326,13.6462,7.8196,5.1731,54.3265
3199.6827,6.3851,3.1381,1.2807,19.9195
3338.4798,4.438,3.0122,1.4139,17.1242
3369.3534,4.8432,1.3934,2.2741,28.763
3037.9511,5.3486,1.1438,2.1214,27.9179
3441.485,6.1604,0.9728,1.5466,22.8353
3001.6375,3.6136,0.3375,1.4862,16.4007
3235.5068,5.4809,1.1859,2.0901,27.8065
3473.0285,5.8905,1.1305,2.1666,24.9624
3041.6905,3.538,0.3538,1.4879,16.6006
3697.475,4.7724,3.9996,2.1068,25.047
4192.758,12.9591,5.6514,4.5348,48.1666
3530.7439,16.1007,5.77,2.3585,36.0373
3536.3918,16.1007,5.7411,2.3474,35.9116
3646.5466,3.9827,1.4279,2.222,27.4596
3001.8836,3.7618,0.3465,1.4595,17.558
3208.3708,6.0028,3.1381,1.2236,20.9228
4293.4177,10.9956,5.6423,3.5069,43.2786
4297.6709,10.9956,5.5949,3.4954,42.5758
3201.3658,5.9721,0.9593,1.5676,23.0043
2979.8967,3.6835,0.3644,1.4821,16.8537
3590.631,4.3197,1.426,2.2678,29.2325
4242.9891,9.0538,5.306,2.4554,44.7911
3530.7411,16.0962,5.635,2.3511,36.266
3662.9661,6.2832,3.7506,1.879,23.3335
4360.7663,11.6704,7.7702,3.7519,51.4824
3303.6067,4.6892,3.0097,1.3964,17.3659
3226.821,5.8905,0.9547,1.5734,24.5785
3333.7553,6.6721,3.1381,1.2851,20.3402
3093.2613,5.3995,1.1881,2.0978,27.7634
3614.9115,4.3197,1.4234,2.2115,29.2442
3422.4452,4.2694,3.0099,1.4215,16.797
4259.8274,9.1276,5.3099,2.4554,45.2525
3314.412,4.7042,3.0313,1.3548,17.1392
3449.6158,5.8541,1.1848,2.0668,24.8839
3736.5037,5.1051,3.9941,2.0084,26.028
3398.8107,6.6105,3.1381,1.3156,19.6076
3499.5608,4.13,1.3985,2.2487,29.4622
3007.3149,3.6048,0.3615,1.4702,16.0853
3449.2975,5.76,1.1791,2.0958,24.9223
4290.6483,10.9956,5.6174,3.5069,42.5317
3661.1744,6.2832,3.7478,1.8839,23.1414
3495.9669,3.9921,1.4005,2.2445,29.9802
4184.6835,12.7648,5.6489,4.5219,46.5784
2977.601,3.586,0.3384,1.4635,16.9633
3249.3249,5.953,3.1381,1.2932,19.9879
4240.4165,10.2091,5.9203,3.4931,50.5177
4184.729,12.8247,5.666,4.5231,48.2342
3306.5735,3.9688,3.0383,1.5557,16.6847
3418.3578,5.2347,1.1723,2.0965,26.6808
2949.8208,3.6097,0.3493,1.4606,16.6584
3453.8724,5.8905,1.1578,2.0758,24.9624
3521.9804,6.2368,0.9815,1.5329,22.6909
3714.2986,5.1051,3.9177,2.0045,25.0507
3144.1872,6.3367,5.3518,2.2414,35.0598
3478.1019,4.8649,1.3927,2.2741,29.2832
4363.8097,10.9421,7.9044,3.7511,52.2995
4295.0396,10.9956,5.5456,3.4983,42.4389
3474.1183,4.6856,1.3932,2.2741,28.0567
3399.0422,6.064,3.1381,1.2607,20.035
3043.0144,3.5972,0.3539,1.4879,16.7482
3276.9299,6.2114,3.1381,1.3067,21.0119
4352.2956,11.6824,7.9279,3.7512,51.1232
3444.7432,6.6583,0.9542,1.6068,21.8183
3510.1825,5.9091,0.9749,1.5894,23.2279
4298.407,10.9956,5.5742,3.5035,42.6133
3711.1192,4.7124,3.9312,2.1012,25.981
3251.5816,5.3198,1.1719,2.1175,25.5707
3658.142,6.2337,3.7298,1.9975,23.7842
3411.5453,4.2044,3.0146,1.4282,16.4944
4297.0035,9.2532,5.3098,2.464,43.8232
3410.0209,4.2495,3.0146,1.3828,16.6591
3539.0695,16.0757,5.7273,2.3585,36.0325
3536.7849,16.1007,5.6904,2.3512,35.8725
4252.4814,9.3426,5.9423,3.5695,50.7748
4240.6793,11.981,5.6542,4.5277,45.8042
3195.5437,5.5393,1.1717,2.1175,24.9283
2989.5055,3.6125,0.3617,1.4756,16.4755
3376.9723,6.2832,0.9744,1.5894,24.6546
4349.6747,12.9834,7.8116,5.1147,50.3466
3488.6485,6.2832,0.974,1.5894,23.8148
3263.7443,5.4978,1.1749,2.0955,24.9734
3454.0626,5.3014,1.1408,2.1194,27.1325
3141.9646,5.8905,0.9827,1.5355,23.6904
3299.5174,6.7928,3.1381,1.269,20.4518
3534.7821,16.1007,5.7078,2.3542,36.0793
4348.9478,11.1218,7.913,3.752,52.0962
3658.3692,6.1436,3.7386,1.9395,23.7359
4192.059,12.9591,5.6596,4.5299,49.2382
2970.8789,3.6886,0.3509,1.4542,17.3123
3658.5959,6.1835,3.736,1.9276,23.5703
3706.3198,5.1051,3.8772,2.0102,25.511
3734.3926,5.1051,3.9553,2.0043,25.8818
4360.3725,11.5944,7.8391,3.7517,51.0184
3489.3651,4.6056,1.3929,2.2741,27.8016
4242.3471,8.5892,5.2991,2.4554,45.8111
3656.2731,6.2832,3.7505,1.9533,23.6894
3041.2112,3.628,0.3538,1.4879,16.8126
3736.0536,5.1051,4.0196,2.0407,26.1433
4216.0749,12.9016,5.6649,4.5303,48.6098
4226.965,12.0291,5.6547,4.5277,46.6473
3391.6809,4.5285,3.0228,1.403,17.2928
3600.4361,4.2847,1.4076,2.2093,27.3244
3408.6469,4.8756,1.3938,2.2741,28.7117
3535.5771,16.1007,5.56,2.3544,35.9148
4342.6118,13.7183,7.8173,5.2294,55.1041
3528.274,16.1062,5.6481,2.3511,36.3871
3443.7338,5.299,1.184,2.0789,26.559
3625.3469,4.4288,1.3701,2.3171,27.345
3142.0964,6.3148,5.3819,2.2468,35.3952
3737.2427,5.5067,4.0028,2.157,26.0862
3364.6992,4.6319,3.0254,1.5462,17.6501
3286.4636,5.3022,1.1719,2.1175,26.6284
3379.7309,4.3197,1.3761,2.2178,30.7093
4271.4969,9.1499,5.918,3.5993,50.0665
4242.018,8.616,5.3088,2.4556,41.4069
3155.8497,6.5183,5.4232,2.2258,35.6048
3396.2115,4.3737,3.0282,1.4661,17.4904
2963.5477,3.5742,0.3642,1.4902,16.0738
3315.0061,4.6331,3.0368,1.4837,16.8225
3737.2083,5.1051,3.8897,2.0194,25.9629
3396.5627,6.3959,3.1381,1.2526,19.8183
3005.3916,3.5637,0.3616,1.503,16.1192
3660.9545,4.3197,1.3959,2.2912,30.2114
4292.9557,10.9956,5.5487,3.5069,43.7511
3582.5278,4.3197,1.3962,2.3353,30.2892
3344.4392,6.0709,1.1815,2.0984,24.8635
3422.5422,5.9746,0.9685,1.5758,22.9301
3673.833,4.3197,1.3746,2.2817,30.6785
3660.2479,5.8905,3.7542,1.9318,23.9518
3393.5183,6.8391,3.1381,1.2944,19.3297
3244.7773,6.4624,3.1381,1.2576,20.0963
3000.6854,3.6823,0.354,1.5172,16.2116
4359.2692,13.6675,7.7976,5.1036,54.3509
3656.4867,6.2832,3.7297,1.9591,23.5983
3198.231,6.0103,3.1381,1.2177,20.2726
3415.5044,4.1002,3.0117,1.4077,16.9021
3533.3712,16.1007,5.7929,2.356,35.8612
4246.6378,12.1212,5.666,4.5277,47.0341
2949.6509,3.7221,0.3432,1.4586,16.2578
3658.0491,6.1409,3.7423,1.9406,23.6588
4334.4226,12.8799,7.8396,5.1036,50.5606
3085.0422,6.2765,0.9577,1.558,22.8705
4393.4688,11.5119,8.0409,3.7504,50.1788
4285.6045,10.9956,5.5361,3.5107,44.4199
3402.9954,5.4768,1.1882,2.0966,27.8645
3658.7497,6.1521,3.729,1.9954,23.8881
3699.0277,5.1051,3.9446,2.0611,25.6039
3391.4666,6.0136,3.1381,1.2576,19.4023
4242.2543,8.6289,5.2998,2.4556,43.7505
3444.1636,5.672,0.9824,1.5884,21.892
4299.546,10.9956,5.5398,3.5092,44.7566
3483.8475,5.5798,0.9916,1.5743,21.8954
3041.5929,3.6048,0.3539,1.4879,16.7502
3164.3571,6.3181,5.3892,2.2226,34.9814
3532.2864,16.1007,5.5919,2.3482,35.9148
3671.8929,4.3968,1.4176,2.2809,27.4647
2999.7213,3.5382,0.3584,1.4996,16.101
4371.4282,11.6537,7.4578,3.7513,49.6622
3329.1598,4.464,3.0142,1.4413,17.3299
3410.2845,6.4014,3.1381,1.2605,19.7039
3739.919,5.9666,4.0337,2.1051,26.086
3171.2421,6.2115,5.4109,2.2202,35.5268
3451.6831,5.3014,1.1647,2.1223,26.8437
3662.2694,6.2832,3.754,1.8789,23.1464
3672.9574,4.3197,1.3995,2.273,29.2043
3456.4786,5.8905,1.1602,2.091,24.9624
3250.5035,5.4639,1.1719,2.1175,26.6769
3454.3442,5.816,0.9749,1.5894,23.9937
2950.2992,3.6376,0.3429,1.465,16.811
3466.0169,4.6912,1.3929,2.2741,27.3623
2949.7088,3.6674,0.3638,1.5171,17.1774
3339.1122,7.0242,3.1381,1.3059,20.1298
3402.1322,7.0065,3.1381,1.309,19.44
4242.1117,8.5966,5.29,2.456,45.1497
3452.4067,5.6438,1.1827,2.0932,24.7814
3662.4613,5.8905,3.7541,1.9721,24.0058
3242.4944,5.5946,1.1718,2.1175,26.1799
3335.621,4.2847,3.0248,1.5593,17.7729
3710.2903,5.1051,3.9168,2.014,25.6566
3153.5207,6.7091,5.41,2.2414,34.9579
3339.849,6.6383,0.9559,1.6087,22.3564
3142.0332,7.1409,5.3512,2.2519,35.0003
3392.5057,4.6374,3.0195,1.3609,17.1278
3396.0433,5.2866,1.175,2.0899,26.5636
3042.6365,3.7259,0.3539,1.4879,16.8315
3661.2323,6.2832,3.7561,1.9257,23.0306
3264.6196,6.2527,3.1381,1.2885,20.0191
4273.4993,9.0652,5.9547,3.4793,44.3521
3394.5031,4.3197,1.3608,2.2231,30.45
3483.841,4.4793,1.3929,2.2741,28.5579
4242.3108,8.5809,5.32,2.4556,46.089
3698.1881,4.4277,1.3831,2.3063,27.4637
4291.8885,10.9956,5.561,3.5069,43.1869
2947.8253,3.7033,0.3377,1.4582,17.2493
3030.8768,3.7687,0.3598,1.4952,16.6381
4260.6911,10.4677,5.9226,3.4816,49.6619
3540.689,16.1693,5.7768,2.3511,36.3678
4209.4731,12.5938,5.6574,4.5354,48.2738
3657.2886,5.8905,3.7489,1.9304,23.7391
3661.9023,6.2832,3.729,1.9732,23.6011
4231.5839,12.066,5.6572,4.5277,46.0907
3209.5242,5.8905,0.9517,1.5896,24.803
3156.4832,7.0792,5.3702,2.2588,35.0338
3662.6183,6.2832,3.7418,1.9629,23.3788
4192.6147,12.9591,5.6642,4.5376,48.175
4233.5493,12.1676,5.6502,4.5277,45.8653
3555.2162,3.9274,1.3989,2.2681,27.6297
3200.3284,5.8905,0.9753,1.6332,24.4377
3502.3892,6.0504,0.9954,1.5725,21.8682
3417.045,5.2677,1.1786,2.0985,26.7373
4373.7378,13.1516,7.8294,5.1246,49.8738
4348.0546,13.8696,7.854,5.1036,51.8311
4373.8153,13.5275,7.8461,5.2443,53.9078
4333.8837,13.7713,7.7196,5.1678,55.6205
3275.544,5.3944,1.1719,2.1175,26.7385
3708.9816,5.1051,3.8736,2.0669,25.4827
3473.3118,5.3014,1.1614,2.0708,26.7006
3043.055,3.6144,0.3539,1.4879,16.8346
3537.3984,16.0686,5.6194,2.3575,35.9271
3154.3849,6.5513,5.356,2.2414,35.0622
2948.593,3.6504,0.3524,1.4553,17.1203
3720.519,5.1051,3.9426,2,25.3433
4214.414,12.213,5.6671,4.53,48.6975
3454.7936,4.4616,1.3445,2.2287,27.4159
3665.4527,4.3197,1.3658,2.2964,29.6803
4207.4943,12.2327,5.6615,4.5295,48.7631
3657.199,6.2286,3.7398,1.942,23.6462
4326.0069,13.459,7.8251,5.2687,54.6923
3658.5548,6.0599,3.7408,1.9744,22.9903
4297.6727,10.9956,5.5885,3.4955,42.6388
3517.6237,6.1225,0.9963,1.5433,22.0979
3392.3225,4.6292,3.0292,1.4494,17.4822
4372.959,10.972,7.8871,3.7511,50.8417
3166.2655,6.1181,0.9832,1.5569,21.3493
2996.0709,3.593,0.3617,1.5134,17.0779
4232.7287,8.9821,5.3224,2.4495,43.427
3135.2102,5.4978,1.193,2.0866,26.1022
4194.1009,12.9591,5.6583,4.5325,49.2047
4365.8633,11.6354,7.9976,3.7517,51.1172
3072.1394,6.2212,0.9963,1.5853,21.24
2965.5957,3.6253,0.3617,1.4679,16.8501
3336.0464,4.0216,3.028,1.528,16.7343
3698.4354,5.0427,4.0026,2.1023,25.8506
4351.0067,11.5446,7.9447,3.752,51.243
3465.2862,5.3014,1.1863,2.0986,26.5178
4391.5713,13.301,7.8041,5.1067,50.2561
4201.6334,12.6906,5.664,4.5315,48.3045
3473.7595,4.8986,1.3927,2.2741,27.8261
4287.9744,10.9956,5.4525,3.5121,44.9457
3318.0922,4.3197,1.34,2.2544,30.7902
4363.7817,12.8404,7.8376,5.1036,50.497
3530.0715,16.1007,5.7816,2.3504,35.9145
3142.123,6.2442,5.3832,2.2371,35.1312
4348.1507,11.0476,7.9,3.7512,50.1023
4324.6998,13.6597,7.7523,5.1396,54.6555
4238.25,9.0563,5.9098,3.607,44.0493
4291.7213,10.9956,5.505,3.5266,45.5424
3385.8036,4.3665,3.0287,1.5455,17.6349
3041.8137,3.542,0.3537,1.4879,16.7373
3656.24,5.9427,3.7395,1.9534,23.908
3155.4264,6.9039,5.421,2.2414,35.0404
3408.5573,6.4797,3.1381,1.3158,19.3525
4232.4459,12.1195,5.656,4.5277,46.5318
3243.1021,6.5091,3.1381,1.2027,21.1281
3336.4883,6.9768,3.1381,1.2623,20.1821
3042.7254,3.6462,0.3539,1.4879,16.853
4285.0765,10.9956,5.4359,3.5019,45.4227
3268.9472,5.2616,1.1719,2.1175,26.4225
3146.6054,7.1401,5.2943,2.2538,34.9942
3538.6251,16.0916,5.6721,2.3522,35.9017
4353.3256,13.9736,7.8063,5.257,53.5565
2970.5596,3.5951,0.3604,1.5096,16.08
4321.1163,13.9114,7.8187,5.0463,55.2538
4330.1491,13.9827,7.749,4.9147,54.8044
3630.7058,4.0258,1.4321,2.2276,27.324
4236.0662,8.8718,5.3134,2.4461,41.6369
3144.8771,6.4843,5.3731,2.2321,35.5778
2999.3489,3.5947,0.3645,1.5104,16.1048
3041.3631,3.6728,0.3538,1.4879,16.7963
3425.9739,5.5416,1.1842,2.0989,24.8687
4193.4601,12.9591,5.6612,4.5364,49.0529
3126.4975,5.8905,0.9932,1.5386,21.285
4290.1988,10.9956,5.6105,3.5069,43.2003
3170.5714,7.1142,5.3292,2.2563,35.2599
4238.3348,9.1262,5.3172,2.4543,44.035
2950.1113,3.5889,0.3562,1.4583,17.005
3657.8865,6.185,3.7309,1.9539,23.6069
4268.8097,8.9763,5.306,2.4554,43.2358
3707.9143,5.1051,3.9053,2.0519,25.2866
3307.0726,5.3581,1.1312,2.0886,27.7784
3459.719,6.5438,0.9708,1.6234,22.5289
4246.3098,10.1907,5.9225,3.5758,46.6586
3262.4736,5.9599,3.1381,1.2239,21.1158
4315.6115,9.2868,5.2771,2.4515,43.1649
3293.8759,6.9176,3.1381,1.3179,21.311
4304.5369,10.9956,5.6085,3.5062,42.5805
3478.4366,4.3197,1.3432,2.2567,30.2949
3364.8113,6.2832,0.9742,1.5894,24.8843
4306.0368,12.6507,7.7879,5.1036,52.7531
3338.7587,5.9157,0.9494,1.5993,22.8157
4261.9699,10.2602,5.8847,3.5917,51.1929
4367.949,10.9941,7.9481,3.7511,51.0277
3042.9575,3.6658,0.3539,1.4879,16.8139
3475.4734,5.3014,1.1676,2.1677,26.6003
3663.8924,4.3197,1.3618,2.2447,29.6825
4232.6119,12.1249,5.6641,4.5277,45.8203
4297.013,10.9956,5.6025,3.5003,42.5454
3574.3644,4.3538,1.3661,2.2877,27.457
3661.1874,5.8905,3.7494,1.9089,23.9616
3435.7792,5.2463,1.184,2.1165,26.5344
4296.6906,8.7749,5.3322,2.4554,45.5726
3174.4264,6.2498,5.3734,2.2348,35.3487
3042.6673,3.7025,0.3539,1.4879,16.8337
4184.6741,12.6405,5.6709,4.5169,45.0494
3393.9329,5.6104,1.1759,2.084,24.7496
3658.1337,6.2237,3.7285,1.9696,23.9092
4290.1781,10.9956,5.5529,3.5061,42.6868
3673.8561,4.3197,1.4009,2.2075,29.8255
4384.9711,11.4363,7.7619,3.7509,51.3654
3496.6293,5.3014,1.1873,2.1256,27.0006
4249.3545,10.4213,5.9226,3.4816,50.4903
3251.0908,5.8905,0.9548,1.5908,24.6646
3168.6651,6.4995,5.3478,2.2329,35.1084
3534.2274,16.1007,5.7903,2.3529,35.9747
3276.1976,4.038,1.4002,2.2666,28.3058
3042.7765,3.6255,0.3538,1.4879,16.7404
3355.2045,4.4443,3.0254,1.5093,16.7365
3656.281,6.2832,3.7514,1.8701,23.4254
3217.3543,5.8905,0.9425,1.5866,24.9005
3272.3092,5.892,3.1381,1.2724,21.168
3203.2688,5.9555,0.9547,1.6397,22.8086
3521.0225,6.1112,1.0036,1.5427,22.5961
4282.9447,10.9956,5.4614,3.5053,44.9347
3457.7371,5.5564,1.1748,2.0641,24.7654
3034.0711,3.792,0.3605,1.5136,16.3991
3532.8093,16.1007,5.4889,2.3566,35.9137
3163.7337,5.8905,0.9854,1.5372,21.6027
4358.9371,13.8256,7.8564,5.2676,51.3924
3410.1024,6.9375,3.1381,1.2921,19.637
3151.8738,6.3945,0.9561,1.6263,22.2683
4369.7001,10.9719,8.0643,3.7511,52.0008
4293.2722,10.9956,5.5501,3.5069,42.5202
4298.39,10.9956,5.6259,3.5044,42.532
3153.5088,6.6345,5.4036,2.2319,35.1846
4371.8711,10.9586,8.0824,3.7511,52.7012
3459.5508,5.8905,1.1334,2.138,24.9624
4231.3506,9.4138,5.3323,2.4468,41.6973
3302.2501,6.7897,3.1381,1.3146,19.9382
3191.3133,5.8905,0.995,1.54,22.5543
3672.574,4.3197,1.344,2.2874,30.6021
2949.498,3.7363,0.3462,1.4661,16.7155
2992.3991,3.5733,0.3615,1.5118,16.0998
3497.6036,4.8487,1.393,2.2741,28.9165
4293.0944,10.9956,5.5927,3.5069,43.1458
3658.0087,6.1518,3.7318,1.9576,22.9224
4295.1497,9.3103,5.2529,2.4552,44.9347
4345.3244,11.3051,8.0029,3.7521,50.3512
4347.5486,11.3214,8.0702,3.7519,50.5931
4253.3384,9.3886,5.3192,2.4519,44.3839
4262.5187,9.867,5.9692,3.4609,50.091
4315.2722,9.0921,5.2916,2.4554,43.7915
3018.4985,5.409,1.1381,2.1597,27.7952
4239.3668,9.2947,5.2939,2.453,43.6455
3151.8731,7.0965,5.3095,2.2524,35.1736
3539.0768,16.0765,5.7041,2.3516,36.0696
4303.5613,10.9956,5.5464,3.5284,43.6967
4352.2714,11.4152,7.9732,3.7507,51.0798
3502.2335,4.3197,1.4373,2.2064,29.1878
4296.8384,10.9956,5.5191,3.4931,45.0766
3542.2254,16.0881,5.6264,2.3519,36.1728
4242.2978,8.6222,5.3245,2.4557,44.9386
3516.3885,6.3724,1.0031,1.5655,21.8792
3675.9733,4.3197,1.366,2.3326,29.5735
4377.1366,10.8579,7.8069,3.7511,51.669
4388.1163,13.7242,7.8046,5.2002,51.3148
3448.7931,4.8268,1.3937,2.2741,27.5874
4347.6221,11.4471,7.7921,3.7505,51.2558
4258.1608,10.2276,5.9414,3.4769,51.3204
3659.855,6.2832,3.7528,1.9175,22.9503
3363.9406,4.3197,1.3509,2.3239,30.6768
3543.4645,4.3197,1.346,2.2511,30.7607
4250.5243,9.2043,5.8944,3.4535,48.3927
4351.8349,11.1577,7.773,3.7515,52.5503
4347.1579,11.2606,7.8754,3.7513,50.2921
3539.5213,16.099,5.7923,2.3583,36.0071
4185.2934,12.9591,5.6628,4.5375,48.4805
3538.8448,16.0774,5.7696,2.3517,36.1602
4323.3126,13.0294,7.7982,5.1252,50.3022
4377.5413,11.5055,7.6314,3.7509,49.5832
4313.9504,9.2897,5.2968,2.451,43.6527
4249.7345,10.4856,5.9226,3.4816,49.9368
4184.826,12.9525,5.6583,4.518,48.126
4309.3368,10.9956,5.5547,3.5287,44.8193
3392.8124,4.6475,3.0201,1.4238,17.6412
3660.9173,4.3197,1.4125,2.2369,29.7542
3658.6818,6.2718,3.736,1.9765,23.5432
3516.6695,4.5895,1.3766,2.2251,27.3909
3484.861,4.3274,1.3929,2.2741,27.7669
3735.1234,4.5482,1.3368,2.2308,27.4618
3730.436,5.9108,4.0121,2.0808,26.0468
3539.7612,16.1419,5.6854,2.3511,36.0472
3157.1007,6.513,5.3158,2.2414,34.8654
3218.3893,5.6895,1.1718,2.1175,26.8994
3699.2163,4.7754,4.0141,2.0855,25.3069
3606.1075,4.6068,1.3404,2.2935,27.4028
3154.1771,6.3501,5.3914,2.2414,34.843
3355.3893,4.6643,3.0347,1.4884,17.3186
4302.536,10.9956,5.6455,3.5015,45.4768
4372.6693,10.8585,7.8656,3.7511,52.2508
3404.9559,5.2079,1.1737,2.0578,26.6193
2998.8188,3.5806,0.3405,1.4601,16.7096
3727.1999,4.7124,3.8824,2.0358,26.2592
3650.1822,4.5203,1.3432,2.2191,27.4643
3534.1985,16.0971,5.6647,2.3511,35.814
3370.0582,4.6214,3.0346,1.4928,17.7671
3252.2839,5.9554,3.1381,1.2554,21.1459
4347.3744,12.9803,7.8338,5.1085,50.6479
3314.2455,6.7888,3.1381,1.3045,21.2844
4242.7227,8.5906,5.312,2.456,43.3061
3726.59,4.7124,3.9755,2.143,25.9324
3243.7646,5.8905,1.0012,1.5434,22.9436
3470.8762,5.8905,1.1312,2.1127,24.9624
3405.4327,4.6436,3.0188,1.4382,17.5866
3201.2873,6.9447,3.1381,1.2439,20.3344
3482.696,5.8905,1.1797,2.1485,24.9624
3414.8575,4.2719,3.01,1.3398,16.6752
4289.2894,10.9956,5.4807,3.533,44.1878
3538.0045,16.0715,5.7896,2.3534,36.2095
3779.9829,4.7124,4.0327,2.1253,25.9047
3673.3627,4.3197,1.41,2.3257,29.6175
4305.3287,10.9956,5.5957,3.5032,42.5631
3432.4472,4.1718,1.3987,2.2304,27.4504
3661.4898,6.2832,3.7441,1.8804,23.0394
4242.7262,8.6017,5.3166,2.4557,46.1274
3321.4695,4.6932,3.0145,1.4362,17.4589
3475.4354,4.8499,1.393,2.2741,28.1734
2963.0133,3.5827,0.356,1.4561,17.1037
3364.2867,4.398,3.0326,1.4463,17.3308
4242.9609,9.1292,5.3305,2.4554,43.5961
3366.0228,5.8222,1.1765,2.1112,24.7686
3294.4163,5.4411,1.1719,2.1175,25.0944
3701.5752,5.1051,3.9261,1.9968,25.6046
3697.2536,4.8918,3.9916,2.133,25.2527
3660.2381,5.8905,3.7318,1.9871,23.7691
3413.5706,4.1309,3.0167,1.3958,16.9436
3242.2086,5.8905,0.9991,1.5331,24.3067
3032.6514,3.6614,0.3654,1.4909,16.3924
3699.3863,4.8182,3.9712,2.1343,25.9788
3001.8462,3.6552,0.36,1.4885,16.1732
3658.1513,6.2697,3.7342,1.9829,23.7285
3102.4342,6.2415,0.986,1.5654,21.3397
4382.1469,12.9283,7.808,5.1036,51.3902
3321.0217,5.9572,1.1861,2.0885,24.9327
3516.533,6.2622,0.9818,1.5391,22.3852
3435.3259,5.864,1.1722,2.073,24.7558
3470.6197,5.8905,1.1818,2.1409,24.9624
3593.1695,3.9893,1.4381,2.2197,27.3081
4310.2431,9.4067,5.2491,2.4607,44.6196
3169.1965,6.2409,5.3326,2.2294,35.6941
3733.8714,5.1051,3.9379,2.053,25.7929
4388.5968,12.7266,7.8367,5.1315,50.647
3668.2769,4.3197,1.353,2.2889,29.7324
3144.5878,6.7332,5.3522,2.2247,34.8555
4375.2026,11.6071,7.9695,3.751,50.7737
3206.3558,5.6656,1.1717,2.1175,26.3717
3001.677,3.6687,0.3423,1.4571,17.5314
2948.6132,3.6714,0.348,1.4601,16.1744
3147.3735,6.5798,5.3576,2.2414,35.1692
3715.2246,5.1051,3.9068,1.9859,25.0945
3399.0447,5.2831,1.1746,2.0932,26.5059
3416.8604,6.0908,1.1634,2.1059,24.9073
3208.29,5.8905,0.9452,1.5765,24.4427
3421.8451,4.2738,3.0227,1.389,16.5938
3225.7392,5.8905,1.0028,1.5399,22.5336
3424.353,4.621,3.0313,1.5355,16.9988
3707.682,5.1051,3.947,2.0546,25.2101
3238.9176,6.9994,3.1381,1.229,21.0458
3498.5593,5.9883,0.9749,1.5894,24.6069
3429.4883,4.8491,1.3937,2.2741,27.5971
3517.1654,5.9862,0.9945,1.5357,22.1859
3658.8011,6.195,3.7422,1.9433,23.7679
3542.1639,16.1334,5.752,2.3511,36.1951
4341.4929,13.1108,7.8091,5.1152,49.8877
3376.3324,5.4635,1.1755,2.0653,27.6257
4227.8438,12.1629,5.6559,4.5277,47.1867
3371.1825,4.3862,3.0376,1.4596,17.3427
3494.6186,6.1937,0.9592,1.5762,23.0606
3662.7425,6.2832,3.7399,1.8659,23.8453
3190.3774,5.8905,0.9943,1.5439,22.6237
3041.626,3.5709,0.3538,1.4879,16.5879
4242.898,8.6106,5.2912,2.456,41.7434
3355.8726,4.4403,3.0217,1.4848,17.2045
3363.4858,5.7156,1.1796,2.1077,24.8594
3426.6568,4.8139,1.3942,2.2741,28.3411
4311.7296,13.0692,7.8151,5.1036,54.4037
3191.9374,7.0735,5.4081,2.2624,35.2101
3672.4444,4.5507,1.4227,2.2576,27.4604
4348.1755,11.3678,7.928,3.752,52.5857
3778.0669,4.7124,3.9813,2.1356,26.1464
3739.2328,4.7124,4.0135,2.1202,26.0231
4352.8916,11.1146,8.0342,3.7511,51.3583
4243.6953,8.7713,5.3067,2.4554,45.3602
3742.1502,5.5356,4.0212,2.0804,25.9115
3213.8373,5.8905,0.9943,1.5433,23.2359
2962.3444,3.6255,0.3641,1.5023,16.9525
3421.4788,4.1742,3.0094,1.3501,16.767
3250.9152,5.1743,1.1719,2.1175,25.9893
4324.0238,13.6211,7.7116,5.1432,55.3038
4395.281,13.6238,7.8289,5.1688,52.7266
4202.7683,12.8316,5.6644,4.5387,48.7028
4352.3524,11.5773,7.9766,3.7515,50.7598
2962.044,3.5903,0.3423,1.4591,16.8282
4373.323,11.5706,7.6495,3.7519,50.2369
3258.7292,6.4662,3.1381,1.2806,21.3134
3692.5513,4.6237,1.3686,2.2389,27.4622
4377.231,11.6281,7.6462,3.7519,50.7785
3409.3362,4.162,3.0108,1.334,16.5701
3281.8636,6.3455,0.9542,1.6396,21.4867
2949.2386,3.7675,0.3544,1.467,16.1313
3455.3213,5.9708,0.9885,1.5674,21.8773
3381.0677,3.9741,1.3976,2.2232,29.1709
3465.4483,5.8905,1.1506,2.1439,24.9624
4272.5928,9.4112,5.953,3.4983,47.7926
3042.2499,3.5442,0.3537,1.4879,16.4946
3270.2937,5.9139,3.1381,1.2796,19.9302
2986.3811,3.6819,0.3614,1.4754,16.792
3661.8695,4.3197,1.3359,2.2322,30.2741
4323.8314,13.2598,7.8449,5.1036,53.6162
3147.5786,6.8807,5.3782,2.232,35.0419
4244.4639,9.1509,5.3025,2.4517,44.8728
3410.8887,5.9497,3.1381,1.2908,19.6462
3539.2646,16.0681,5.7843,2.3511,36.624
4299.1912,8.6987,5.3145,2.4554,45.8194
3688.6804,4.4313,1.4259,2.2959,27.4591
4191.9706,12.9591,5.6566,4.5329,48.355
3480.7477,4.432,1.3929,2.2741,27.9684
3659.325,6.1501,3.7408,1.9737,23.2905
3232.8626,5.8905,0.9466,1.5607,24.4201
3660.7359,6.2832,3.7497,1.8672,22.7369
3462.8302,4.6043,1.3931,2.2741,29.4462
4306.0906,13.2747,7.8546,5.158,49.8693
4200.7116,12.9591,5.6543,4.531,48.6574
3371.403,5.545,1.1719,2.1175,24.8995
3732.1368,5.1051,4.0199,1.9877,25.8009
3463.5203,5.3014,1.1347,2.1334,27.9931
4257.4419,9.0463,5.3079,2.4554,45.7016
3346.8446,5.9145,3.1381,1.2949,19.8939
3396.7141,3.9912,3.04,1.4923,17.2797
3257.646,6.5032,0.9659,1.626,21.9367
2994.9156,3.6492,0.362,1.4792,17.1935
4229.269,9.9905,5.9156,3.5359,49.239
3085.6066,5.3676,1.1353,2.0893,27.9402
3137.4209,6.3939,5.4111,2.2414,34.8494
3260.3852,6.2646,0.9449,1.5368,22.8776
3656.6212,6.1913,3.7283,1.9536,22.9492
3534.291,16.1007,5.6246,2.3508,35.8795
3454.0211,5.8905,1.1646,2.1402,24.9624
3375.2469,4.3786,3.0386,1.4919,17.2265
4360.2389,10.9382,7.7927,3.7511,51.5566
4379.7953,13.9212,7.7902,5.1036,51.8239
3469.4793,6.2832,0.9749,1.5894,24.5481
3410.7408,4.2996,3.0176,1.3935,16.6921
4231.0569,9.8145,5.912,3.5685,43.8713
4184.9729,12.7168,5.6525,4.5156,47.6939
3027.1016,3.6721,0.3605,1.4982,16.1883
4184.8331,12.6591,5.677,4.5244,47.7972
3206.3812,6.4248,3.1381,1.2206,20.3931
3188.3139,7.0871,5.4177,2.259,34.8647
4367.7378,11.4378,7.8884,3.7515,50.273
2985.1011,3.5468,0.3538,1.4599,16.7795
4379.4405,13.1626,7.794,5.1491,50.4295
3445.5497,6.027,0.9749,1.5894,23.3687
3531.4548,16.1007,5.6162,2.3528,35.9713
3503.4425,5.3014,1.1698,2.1718,27.0089
3026.018,3.7297,0.3595,1.5174,16.5614
4304.4047,10.9956,5.5473,3.5057,44.7749
3698.3174,4.9269,3.9945,2.0775,25.9379
4206.9533,12.5994,5.652,4.53,48.2196
3733.7266,5.1051,4.0074,2.0872,25.9428
3170.5277,7.141,5.2135,2.252,34.9989
4262.5057,9.0378,5.8862,3.5572,47.6296
3234.8939,6.296,3.1381,1.2282,21.0668
4317.3062,13.9149,7.8059,4.9656,55.2859
3151.8485,7.1338,5.2607,2.2522,34.7504
